TDSFU Daily run: Wed Oct 22 15:02:59 UTC 2025 TDSFU
TDSFU Daily run: Wed Oct 22 15:03:43 UTC 2025 TDSFU
TDSFU Daily run: Thu Oct 23 04:33:50 UTC 2025 TDSFU
TDSFU Daily run: Fri Oct 24 04:33:15 UTC 2025 TDSFU
TDSFU Daily run: Sat Oct 25 04:32:27 UTC 2025 TDSFU
TDSFU Daily run: Sun Oct 26 04:32:51 UTC 2025 TDSFU
TDSFU Daily run: Mon Oct 27 04:41:40 UTC 2025 TDSFU
TDSFU Daily run: Tue Oct 28 04:34:27 UTC 2025 TDSFU
TDSFU Daily run: Wed Oct 29 04:40:00 UTC 2025 TDSFU
TDSFU Daily run: Thu Oct 30 04:34:33 UTC 2025 TDSFU
TDSFU Daily run: Fri Oct 31 04:35:57 UTC 2025 TDSFU
TDSFU Daily run: Sat Nov  1 04:32:02 UTC 2025 TDSFU
TDSFU Daily run: Sun Nov  2 04:34:42 UTC 2025 TDSFU
